{
  "generatedAt": "2026-02-24T12:51:12.553Z",
  "environment": {
    "node": "v25.6.1",
    "platform": "darwin",
    "arch": "arm64",
    "cpuModel": "Apple M4",
    "cpuCount": 10,
    "memoryGB": 16
  },
  "config": {
    "rounds": 3,
    "warmupRounds": 1,
    "updatesPerRound": 120,
    "boardSizePx": 640,
    "positionsTested": 4
  },
  "bundle": {
    "chessiroCanvas": {
      "bytes": 83795,
      "gzipBytes": 18402
    },
    "reactChessboard": {
      "bytes": 182451,
      "gzipBytes": 38277
    },
    "gzipReductionPct": 51.9241319852653
  },
  "results": {
    "chessiroCanvas": {
      "rounds": [
        {
          "mountWallMs": 3.855000000000018,
          "updatesWallMs": 114.48391700000002,
          "updateWallPerUpdateMs": 0.9540326416666668,
          "mountActualMs": 0.19924700000012763,
          "updateActualAvgMs": 0.22672239834023608,
          "updateActualP95Ms": 0.36832699999990837,
          "profilerCommitCount": 242
        },
        {
          "mountWallMs": 4.128291999999988,
          "updatesWallMs": 112.80270899999994,
          "updateWallPerUpdateMs": 0.9400225749999994,
          "mountActualMs": 0.21300000000007913,
          "updateActualAvgMs": 0.2287069253112242,
          "updateActualP95Ms": 0.3337430000007089,
          "profilerCommitCount": 242
        },
        {
          "mountWallMs": 2.7335829999999532,
          "updatesWallMs": 101.136708,
          "updateWallPerUpdateMs": 0.8428059,
          "mountActualMs": 0.11833199999989574,
          "updateActualAvgMs": 0.19729612448130793,
          "updateActualP95Ms": 0.3047150000002148,
          "profilerCommitCount": 242
        }
      ],
      "summary": {
        "mountWallMs": {
          "mean": 3.572291666666653,
          "median": 3.855000000000018,
          "p95": 4.128291999999988,
          "stdev": 0.6034601892267464
        },
        "updatesWallMs": {
          "mean": 109.47444466666666,
          "median": 112.80270899999994,
          "p95": 114.48391700000002,
          "stdev": 5.935486760540326
        },
        "updateWallPerUpdateMs": {
          "mean": 0.9122870388888887,
          "median": 0.9400225749999994,
          "p95": 0.9540326416666668,
          "stdev": 0.04946238967116936
        },
        "mountActualMs": {
          "mean": 0.17685966666670083,
          "median": 0.19924700000012763,
          "p95": 0.21300000000007913,
          "stdev": 0.041764435239767916
        },
        "updateActualAvgMs": {
          "mean": 0.2175751493775894,
          "median": 0.22672239834023608,
          "p95": 0.2287069253112242,
          "stdev": 0.014362305406460055
        },
        "updateActualP95Ms": {
          "mean": 0.33559500000027737,
          "median": 0.3337430000007089,
          "p95": 0.36832699999990837,
          "stdev": 0.026002487880829858
        }
      }
    },
    "reactChessboard": {
      "rounds": [
        {
          "mountWallMs": 12.660375000000158,
          "updatesWallMs": 238.0808750000001,
          "updateWallPerUpdateMs": 1.9840072916666676,
          "mountActualMs": 8.37323999999876,
          "updateActualAvgMs": 1.0371147213115035,
          "updateActualP95Ms": 1.3806809999935012,
          "profilerCommitCount": 123
        },
        {
          "mountWallMs": 11.854916999999887,
          "updatesWallMs": 237.09520900000007,
          "updateWallPerUpdateMs": 1.975793408333334,
          "mountActualMs": 7.735798999997996,
          "updateActualAvgMs": 1.0051052786881312,
          "updateActualP95Ms": 1.0796819999986838,
          "profilerCommitCount": 123
        },
        {
          "mountWallMs": 10.99695900000006,
          "updatesWallMs": 299.9416669999998,
          "updateWallPerUpdateMs": 2.4995138916666653,
          "mountActualMs": 6.818756000001258,
          "updateActualAvgMs": 1.5266661967207367,
          "updateActualP95Ms": 5.692639999989751,
          "profilerCommitCount": 123
        }
      ],
      "summary": {
        "mountWallMs": {
          "mean": 11.837417000000036,
          "median": 11.854916999999887,
          "p95": 12.660375000000158,
          "stdev": 0.679199472302542
        },
        "updatesWallMs": {
          "mean": 258.3725836666667,
          "median": 238.0808750000001,
          "p95": 299.9416669999998,
          "stdev": 29.396534957327727
        },
        "updateWallPerUpdateMs": {
          "mean": 2.1531048638888888,
          "median": 1.9840072916666676,
          "p95": 2.4995138916666653,
          "stdev": 0.24497112464439774
        },
        "mountActualMs": {
          "mean": 7.642598333332671,
          "median": 7.735798999997996,
          "p95": 8.37323999999876,
          "stdev": 0.6380281601738299
        },
        "updateActualAvgMs": {
          "mean": 1.1896287322401238,
          "median": 1.0371147213115035,
          "p95": 1.5266661967207367,
          "stdev": 0.23867947887198715
        },
        "updateActualP95Ms": {
          "mean": 2.7176676666606454,
          "median": 1.3806809999935012,
          "p95": 5.692639999989751,
          "stdev": 2.107209115956409
        }
      }
    },
    "comparison": {
      "mountWallFasterPct": 69.8220340918408,
      "updatesWallFasterPct": 57.62923329051718,
      "updateWallPerRenderFasterPct": 57.62923329051718,
      "profilerUpdateFasterPct": 81.71066791839453
    }
  }
}
